ListName,Done
,
,Business
,Functions
,BusinessUnit
,SurveyQuestions
,AboutUs
,Announcements
,AnnouncementsTransaction
,Our Services
,Articles-Banner
,Articles-Content
,Articles-Content2
,Articles-Content3
,Articles-Slide
,AskJohn
,BlogComments
,Blogs
,Business-Function-Banner
,Business-Function-Content
,Business-Function-Intro
,CareerInfo
,Careers
,Carousel
,CompanyPolicies
,ContactUs
,ContactUs-EmailConfig
,CountryExtensions
,Email-Body-Config
,EmployeeLastLogin
,EventDetails
,ExtraNavigation
,FAQs
,Feedback
,FeedbackDetails
,FlowEmailConfig
,GalleryExplorerConfig
,ICare
,ICareDetails
,InterimContent
,IntranetCarousel
,IntranetConfig
,IntranetNavigation
,IntranetSocialMediaLinks
,Leadership
,LeadershipMessage
,LeadershipTeam
,SitePagesList
,Media
,MyApp
,MyApps
,NavigationConfig
,News
,NewsComments
,NewsTransaction
,Offers
,Our Leadership Team
,PolicyType
,PrivacyAndPolicy
,PurposeNCulture
,ScoreMessage
,SocialMediaPosts
,StaticBanner
,SurveyOptions
,SurveyResponseEntries
,SurveyResponses
,TalkToUs
,TermsAndConditions
,Testimonials
,TitleConfig
